{"cameraMode":{"drawMode":0,"name":"Shaded","section":"Shading Mode"},"sceneLighting":false,"audioPlay":false,"sceneViewState":{"m_AlwaysRefresh":true,"showFog":true,"showSkybox":true,"showFlares":false,"showImageEffects":false,"showParticleSystems":false,"showVisualEffectGraphs":true,"m_FxEnabled":false},"in2DMode":false,"pivot":{"x":3.6087212562561037,"y":-6.995525360107422,"z":15.746383666992188},"rotation":{"x":-0.18652650713920594,"y":0.04330760985612869,"z":-0.008230495266616345,"w":-0.9814616441726685},"size":13.664437294006348,"orthographic":false}